"item","freq","year_q1","year_med","year_q3"
"MICROORGANISMS",95,2016,2020,2022
"MICROALGA",93,2016,2020,2023
"BIOMASS",87,2018,2022,2023
"MICRO-ALGAE",80,2016,2021,2023
"BIOFUELS",76,2016,2019,2022
"ALGAE",75,2012,2016,2020
"MICROALGAE",74,2018,2022,2023
"BIOFUEL",70,2015,2020,2022
"CARBON DIOXIDE",60,2012,2020,2022
"BIODIESEL",48,2015,2019,2022
"SUSTAINABLE DEVELOPMENT",47,2018,2021,2023
"BIOFUEL PRODUCTION",46,2016,2022,2023
"FOSSIL FUELS",35,2018,2022,2023
"NONHUMAN",35,2018,2021,2023
"BIOTECHNOLOGY",32,2016,2018,2020
"WASTEWATER TREATMENT",30,2018,2022,2023
"REVIEW",29,2016,2019,2022
"REFINING",28,2018,2020,2022
"BIOREFINERIES",27,2018,2021,2023
"BIOCONVERSION",26,2018,2020,2023
"LIFE CYCLE",25,2019,2021,2023
"CULTIVATION",23,2016,2020,2022
"ENVIRONMENTAL IMPACT",21,2018,2022,2023
"BIOGAS",20,2016,2021,2023
"BIOENERGY",19,2019,2022,2023
"CARBON SEQUESTRATION",19,2022,2023,2024
"FEEDSTOCKS",19,2015,2019,2022
"WASTEWATER",19,2018,2022,2024
"GLOBAL WARMING",18,2012,2018,2021
"CARBON",17,2019,2022,2023
"ENVIRONMENTAL SUSTAINABILITY",17,2016,2022,2023
"GENETIC ENGINEERING",17,2011,2018,2023
"BIOETHANOL",16,2020,2022,2024
"BIOREMEDIATION",16,2022,2022,2023
"GREENHOUSE GASES",16,2016,2021,2022
"CLIMATE CHANGE",15,2019,2021,2024
"ECONOMIC ANALYSIS",15,2018,2022,2023
"METABOLISM",15,2016,2018,2021
"ANAEROBIC DIGESTION",14,2016,2018,2023
"BIODIESEL PRODUCTION",14,2016,2020,2022
"BIOMASS PRODUCTION",14,2018,2020,2023
"PRIORITY JOURNAL",14,2015,2018,2019
"ENERGY",13,2018,2022,2022
"SUSTAINABILITY",13,2013,2019,2022
"WASTE WATER MANAGEMENT",13,2020,2022,2023
"ENERGY POLICY",12,2015,2019,2022
"FOSSIL FUEL",12,2013,2020,2022
"LIFE CYCLE ASSESSMENT",12,2022,2022,2024
"BIO-ENERGY",11,2018,2022,2022
"LIFE CYCLE ANALYSIS",11,2018,2020,2022
"LIPID",11,2012,2020,2022
"METHANE",11,2009,2015,2020
"MICROALGAE CULTIVATION",11,2020,2022,2024
"SUSTAINABLE DEVELOPMENT GOAL",11,2022,2023,2024
"BIOENERGY PRODUCTIONS",10,2018,2020,2022
"COST EFFECTIVENESS",10,2016,2022,2022
"GREENHOUSE GAS",10,2017,2022,2023
"MICROALGAL BIOMASS",10,2020,2021,2023
"PHOTOSYNTHESIS",10,2010,2016,2022
"RENEWABLE ENERGIES",10,2014,2020,2023
"BIOPRODUCTS",9,2019,2021,2022
"BIOREACTOR",9,2011,2012,2016
"ECONOMIC ASPECT",9,2019,2020,2023
"GROWTH, DEVELOPMENT AND AGING",9,2016,2019,2024
"INVESTMENTS",9,2015,2018,2020
"ALTERNATIVE ENERGY",8,2018,2020,2022
"ARTICLE",8,2021,2023,2024
"GAS EMISSIONS",8,2018,2018,2022
"MICROALGAL BIOFUELS",8,2019,2021,2023
"THIRD GENERATION",8,2020,2022,2023
"TRANSESTERIFICATION",8,2018,2020,2022
"DECISION MAKING",7,2018,2021,2022
"ECONOMICS",7,2015,2015,2021
"ENERGY BALANCE",7,2012,2013,2019
"ENERGY DEMANDS",7,2020,2022,2022
"EXTRACTION",7,2018,2020,2022
"FATTY ACIDS",7,2019,2023,2024
"FUTURE PROSPECT",7,2014,2019,2022
"GROWTH RATE",7,2014,2019,2021
"INDIA",7,2018,2018,2021
"LIPIDS",7,2013,2020,2021
"METABOLIC ENGINEERING",7,2020,2023,2024
"NUTRIENTS",7,2014,2017,2020
"SEWAGE",7,2016,2016,2024
"ALGAL BIOMASS",6,2022,2022,2024
"CO 2 EMISSION",6,2022,2022,2022
"COST BENEFIT ANALYSIS",6,2020,2022,2024
"COSTS",6,2017,2020,2022
"EFFLUENTS",6,2018,2022,2023
"ENERGY CONSERVATION",6,2020,2021,2023
"ENERGY RESOURCE",6,2012,2020,2022
"ENERGY SECURITY",6,2013,2016,2018
"INNOVATION",6,2011,2012,2014
"PHOTOBIOREACTORS",6,2014,2016,2020
"PROCEDURES",6,2016,2018,2019
"PRODUCTIVITY",6,2011,2015,2018
"RECYCLING",6,2018,2022,2024
"RENEWABLE ENERGY",6,2018,2020,2022
"RENEWABLE ENERGY RESOURCES",6,2017,2021,2022
"RENEWABLE RESOURCE",6,2012,2014,2020
"RESEARCH AND DEVELOPMENT",6,2011,2011,2016
"SPECIES CULTIVATION",6,2018,2021,2022
"WASTE WATER",6,2018,2018,2021
"WATER POLLUTION",6,2019,2020,2023
"ALGA",5,2013,2022,2023
"ARABLE LAND",5,2010,2011,2015
"BIODIVERSITY",5,2014,2015,2021
"BIOMASS PRODUCTIONS",5,2016,2017,2020
"BIOREACTORS",5,2010,2011,2012
"CIRCULAR ECONOMY",5,2023,2023,2024
"CYANOBACTERIUM",5,2015,2022,2024
"ENERGY UTILIZATION",5,2015,2019,2022
"ENVIRONMENTAL TECHNOLOGY",5,2018,2022,2023
"HARVESTING",5,2022,2023,2023
"LAND USE",5,2015,2018,2021
"LARGE-SCALES",5,2018,2023,2023
"LIFE CYCLE ASSESSMENT (LCA)",5,2019,2020,2022
"LIPID METABOLISM",5,2009,2010,2012
"NUTRIENT",5,2022,2023,2023
"PHOTOBIORE-ACTOR",5,2016,2017,2024
"PIGMENT",5,2020,2022,2022
"POTENTIAL FEEDSTOCK",5,2019,2020,2020
"PRODUCTION COST",5,2011,2011,2020
"RECLAMATION",5,2020,2021,2022
"RENEWABLE ENERGY SOURCE",5,2017,2020,2022
"SOLAR ENERGY",5,2022,2022,2022
"SOLID WASTE",5,2019,2019,2019
"SUSTAINABLE PRODUCTION",5,2022,2023,2023
"TECHNO-ECONOMIC ASSESSMENT",5,2019,2020,2022
"TEMPERATURE",5,2022,2023,2024
"VALUE ADDED PRODUCTS",5,2022,2022,2023
"'CURRENT",4,2021,2022,2022
"AGRICULTURE",4,2014,2020,2023
"AQUACULTURE",4,2012,2014,2018
"BELGIUM",4,2018,2018,2018
"BIOLOGICAL WATER TREATMENT",4,2012,2016,2020
"BIOMASS CONVERSION",4,2020,2020,2021
"BIOMASS POWER",4,2011,2012,2012
"BIOMASS PRODUCTIVITY",4,2018,2020,2020
"CARBOHYDRATE",4,2017,2020,2021
"CARBON DIOXIDE FIXATION",4,2019,2022,2022
"CARBON FOOTPRINT",4,2020,2020,2022
"CHINA",4,2011,2016,2021
"COMMERCE",4,2017,2020,2023
"COMMERCIALIZATION",4,2014,2016,2017
"COST ENGINEERING",4,2017,2020,2023
"CROPS",4,2011,2014,2019
"CYANOBACTERIA",4,2014,2015,2017
"DUNALIELLA SALINA",4,2018,2018,2019
"EMISSION CONTROL",4,2016,2020,2022
"ENERGY CRISIS",4,2022,2022,2022
"ENVIRONMENT",4,2018,2018,2018
"ENVIRONMENTAL CONDITIONS",4,2020,2020,2022
"FLOCCULATION",4,2014,2017,2019
"FOOD SECURITY",4,2012,2018,2022
"FOOD SUPPLY",4,2012,2014,2016
"HUMAN",4,2015,2018,2020
"HYDROGEN",4,2020,2021,2022
"HYDROLYSIS",4,2015,2015,2015
"INDUSTRIALISATION",4,2021,2022,2022
"LARGE SCALE PRODUCTIONS",4,2017,2018,2021
"LIGHT",4,2019,2022,2022
"MACHINE LEARNING",4,2024,2024,2024
"MICROBIAL BIOMASS",4,2020,2021,2022
"NITROGEN",4,2010,2016,2022
"OPTIMIZATION",4,2015,2016,2018
"PALM OIL",4,2011,2014,2017
"PETROLEUM TRANSPORTATION",4,2010,2014,2016
"PH",4,2019,2022,2022
"PHOSPHORUS",4,2010,2016,2022
"PRODUCTION",4,2018,2021,2024
"PRODUCTION TECHNOLOGY",4,2018,2020,2021
"PROVEN RESERVES",4,2020,2022,2022
"TECHNO-ECONOMIC ANALYSIS",4,2021,2022,2023
"TECHNOLOGICAL DEVELOPMENT",4,2011,2011,2013
"TECHNOLOGY",4,2014,2019,2022
"WASTE MANAGEMENT",4,2021,2023,2023
"WASTEWATER RECLAMATION",4,2010,2013,2016
"WATER",4,2017,2020,2022
"AIR QUALITY",3,2022,2023,2024
"ALGAL BIOFUELS",3,2019,2023,2024
"ALGAL CELL CULTURE",3,2022,2023,2023
"ALGAL CULTURE",3,2018,2020,2022
"ALTERNATIVE FUELS",3,2012,2012,2014
"ALTERNATIVE TO FOSSIL FUELS",3,2015,2016,2018
"ANIMAL FOOD",3,2020,2020,2022
"ANIMALIA",3,2014,2015,2018
"BETA CAROTENE",3,2018,2018,2020
"BIOCHAR",3,2019,2019,2022
"BIOPROCESS",3,2017,2019,2020
"BIOTECHNOLOGICAL PROCEDURES",3,2014,2018,2019
"BIOTRANSFORMATION",3,2019,2019,2020
"CARBON EMISSION",3,2023,2023,2024
"CAROTENOID",3,2022,2022,2022
"CHEMISTRY",3,2014,2015,2019
"CHLORELLA-VULGARIS",3,2018,2023,2024
"CO-PRODUCTS",3,2013,2016,2017
"COMMERCIALISATION",3,2018,2018,2020
"COST EFFECTIVENESS ANALYSIS",3,2021,2023,2023
"CRITICAL REVIEW",3,2015,2018,2018
"DOWNSTREAM-PROCESSING",3,2015,2020,2021
"DOWNSTREAM PROCESSING",3,2018,2019,2020
"ECONOMICALLY VIABLE",3,2018,2020,2021
"EFFLUENT",3,2022,2023,2023
"ENERGY CONSUMPTION",3,2014,2018,2018
"ENERGY MANAGEMENT",3,2019,2020,2021
"ENVIRONMENTAL MITIGATION",3,2022,2023,2023
"ESCHERICHIA COLI",3,2024,2024,2024
"ETHANOL",3,2011,2012,2018
"FATTY ACID",3,2021,2022,2022
"FEASIBILITY STUDY",3,2020,2020,2022
"FUEL",3,2024,2024,2024
"FUELS",3,2011,2013,2016
"GENE EXPRESSION",3,2011,2011,2012
"GREENHOUSE EFFECT",3,2020,2020,2021
"HIGH LIPID CONTENTS",3,2018,2021,2022
"HIGH PRODUCTIVITY",3,2010,2010,2010
"HUMANS",3,2014,2016,2020
"INDUSTRIAL PRODUCTION",3,2018,2019,2021
"INTEGRATED BIOREFINERY",3,2019,2020,2020
"LAKES",3,2016,2016,2020
"LCA",3,2016,2018,2021
"LIPID EXTRACTION",3,2020,2020,2022
"LIQUEFACTION",3,2024,2024,2024
"LOW-COSTS",3,2020,2023,2024
"MICROALGA BIOREFINERY",3,2020,2022,2022
"MIXOTROPH",3,2019,2020,2021
"OIL EXTRACTION",3,2020,2020,2022
"OILS AND FATS",3,2016,2018,2020
"POLYUNSATURATED FATTY ACID",3,2019,2019,2021
"PROCESS INTEGRATION",3,2014,2018,2018
"PRODUCTION SYSTEM",3,2010,2011,2016
"PROTEIN",3,2016,2023,2024
"REFINING INDUSTRY",3,2015,2015,2015
"RISK ASSESSMENT",3,2022,2024,2024
"SCALE UP",3,2014,2016,2019
"SEAWEED",3,2018,2024,2024
"SENSITIVITY ANALYSIS",3,2016,2018,2022
"SODIUM",3,2009,2009,2009
"STATE-OF-THE ART REVIEWS",3,2019,2020,2021
"SUNLIGHT",3,2010,2010,2010
"SUSTAINABLE ENERGY SOURCES",3,2012,2014,2018
"SYNTHETIC BIOLOGY",3,2024,2024,2024
"TECHNICAL EFFICIENCY",3,2018,2019,2020
"TECHNOLOGICAL IMPROVEMENTS",3,2012,2012,2016
"TRANSESTERIFICATIONS",3,2022,2022,2023
"UNCERTAINTY",3,2016,2016,2018
"WASTE-WATER",3,2018,2023,2024
"WATER RECYCLING",3,2012,2015,2016
"WATER TREATMENT",3,2014,2016,2020
"A-CARBON",2,2022,2022,2023
"ACETOBACTER",2,2025,2025,2025
"ADVANCED BIOFUELS",2,2022,2022,2022
"AGRICULTURAL LAND",2,2015,2018,2021
"AGRICULTURAL RESOURCES",2,2011,2012,2014
"AGRICULTURAL WASTE",2,2020,2021,2022
"ALGAE BIOFUELS",2,2018,2020,2021
"ALGAL GROWTH",2,2012,2013,2014
"ALTERNATIVE FEEDSTOCKS",2,2014,2016,2019
"ALTERNATIVE FUEL",2,2011,2011,2011
"ANAEROBIC GROWTH",2,2010,2012,2014
"ANAEROBIOSIS",2,2010,2012,2014
"ANIMAL",2,2017,2018,2019
"ANIMALS",2,2017,2018,2019
"ANOXIC CONDITIONS",2,2010,2012,2014
"ATMOSPHERE",2,2019,2019,2019
"ATMOSPHERIC CHEMISTRY",2,2022,2022,2023
"AVIATION FUEL",2,2024,2024,2024
"BACTERIOPHAGES",2,2023,2024,2024
"BIO-ETHANOLS",2,2022,2023,2024
"BIO-MITIGATION",2,2018,2018,2018
"BIOACCUMULATION",2,2020,2022,2024
"BIOCATALYST",2,2010,2010,2011
"BIOCHEMICAL COMPOSITION",2,2012,2016,2020
"BIOCRUDE",2,2024,2024,2024
"BIODEGRADABILITY",2,2022,2022,2023
"BIODEGRADATION",2,2009,2009,2009
"BIODIESEL FEEDSTOCK",2,2014,2018,2022
"BIOENGINEERING",2,2014,2016,2017
"BIOFUEL FEEDSTOCKS",2,2017,2019,2021
"BIOFUELS PRODUCTION",2,2011,2012,2014
"BIOGAS UPGRADING",2,2017,2018,2019
"BIOLOGICAL MATERIALS",2,2011,2014,2016
"BIOLOGICAL PRODUCTION",2,2016,2016,2016
"BIOMASS SOURCE",2,2022,2023,2024
"BIOMETHANE",2,2012,2014,2017
"BIOMOLECULES",2,2023,2024,2024
"BIOPROCESSES",2,2013,2014,2016
"BIOSORPTION",2,2023,2023,2023
"BLENDING",2,2019,2020,2020
"BOTRYOCOCCUS BRAUNII",2,2013,2016,2020
"CANADA",2,2017,2019,2021
"CARBOHYDRATE METABOLISM",2,2012,2012,2012
"CARBON-CONCENTRATING MECHANISM",2,2022,2022,2023
"CARBON CAPTURE",2,2020,2020,2021
"CARBON DIOXIDE EMISSION",2,2023,2024,2024
"CARBON FIXATION",2,2009,2010,2010
"CARBON NEUTRALS",2,2022,2022,2022
"CARBON SINK",2,2023,2023,2023
"CARBOXYLIC ACID",2,2015,2015,2015
"CAROTENOIDS",2,2022,2022,2022
"CATALYST",2,2014,2018,2021
"CATALYSTS",2,2022,2023,2024
"CATALYTIC CRACKING",2,2023,2024,2024
"CATALYTIC OXIDATION",2,2023,2024,2024
"CELL DISRUPTION",2,2024,2024,2024
"CELL ENGINEERING",2,2015,2018,2021
"CELLULOSIC ETHANOL",2,2020,2022,2024
"CHALLENGE",2,2019,2020,2021
"CHEMICAL ANALYSIS",2,2018,2018,2019
"CHEMICAL INDUSTRY",2,2020,2020,2021
"CHEMICAL OXYGEN DEMAND",2,2023,2023,2023
"CHEMICALS",2,2018,2019,2020
"CHLAMYDOMONAS REINHARDTII",2,2013,2016,2020
"CHLORELLA",2,2024,2024,2024
"CHLORELLA SOROKINIANA",2,2020,2021,2022
"CHLORELLA VULGARIS",2,2024,2024,2024
"CIRCULAR BIOECONOMY",2,2021,2022,2022
"COCULTURE",2,2019,2020,2022
"CODIGESTION",2,2012,2014,2017
"COMBUSTION",2,2013,2016,2019
"COMMERCIAL PHENOMENA",2,2019,2020,2022
"COMMERCIAL PRODUCTIONS",2,2017,2018,2019
"CONDITION",2,2022,2022,2022
"CONSERVATION",2,2020,2020,2021
"CONSERVATION OF ENERGY RESOURCES",2,2016,2018,2020
"CONTINUOUS CULTIVATION",2,2017,2018,2020
"COSMETIC",2,2020,2021,2022
"COST",2,2017,2018,2019
"COST-BENEFIT ANALYSIS",2,2012,2012,2012
"COST EFFECTIVE",2,2022,2022,2022
"CURRENT STATUS",2,2018,2020,2021
"CURRENT TECHNOLOGY",2,2010,2011,2012
"DESIGN",2,2016,2016,2017
"DEWATERING",2,2011,2012,2012
"DIESEL",2,2011,2012,2014
"DIGESTATE",2,2022,2022,2023
"DISINFECTION",2,2024,2024,2024
"DOWNSTREAM PROCESS",2,2020,2020,2021
"ECO-FRIENDLY",2,2018,2019,2020
"ECONOMIC DEVELOPMENT",2,2011,2011,2011
"ECONOMIC EVALUATION",2,2017,2018,2018
"ECONOMIC FEASIBILITIES",2,2018,2019,2020
"ECONOMIC ISSUES",2,2023,2023,2023
"ECOSYSTEM",2,2022,2022,2022
"EFFLUENT TREATMENT",2,2023,2024,2024
"ENERGY CROP",2,2012,2015,2018
"ENERGY EFFICIENCY",2,2012,2014,2017
"ENERGY PLANNING",2,2012,2014,2015
"ENERGY PRODUCTIONS",2,2022,2023,2024
"ENERGY SYSTEMS",2,2022,2023,2024
"ENVIRONMENT FRIENDLY",2,2016,2018,2019
"ENVIRONMENTAL ECONOMICS",2,2017,2019,2021
"ENVIRONMENTAL FACTOR",2,2013,2016,2020
"ENVIRONMENTAL IMPACT ASSESSMENT",2,2012,2012,2012
"ENVIRONMENTAL ISSUES",2,2017,2019,2021
"ENVIRONMENTAL MONITORING",2,2020,2020,2020
"ENVIRONMENTAL OBJECTIVES",2,2018,2020,2021
"ENVIRONMENTAL POLICY",2,2020,2020,2021
"ENVIRONMENTAL PROBLEMS",2,2016,2018,2019
"ENVIRONMENTAL PROTECTION",2,2022,2022,2022
"ENVIRONMENTAL REGULATIONS",2,2024,2024,2025
"ENVIRONMENTAL RISK",2,2015,2018,2020
"EUKARYOTA",2,2010,2011,2012
"EXPLOITATION",2,2014,2016,2018
"FAST GROWTH RATE",2,2014,2016,2019
"FERMENTATION",2,2020,2020,2020
"FERTILIZER",2,2017,2019,2021
"FERTILIZERS",2,2018,2020,2021
"FOOD CROPS",2,2014,2016,2019
"FOSSIL FUEL SOURCES",2,2017,2019,2021
"FUEL CONSUMPTION",2,2012,2013,2014
"GAS PLANTS",2,2019,2020,2021
"GENE EDITING",2,2018,2018,2018
"GENE EXPRESSION REGULATION",2,2011,2012,2012
"GENETIC TRANSFORMATION",2,2011,2012,2012
"GENETICS",2,2018,2018,2019
"GLOBAL WARMING AND CLIMATE CHANGES",2,2017,2018,2020
"GREENHOUSE-GAS EMISSIONS",2,2023,2023,2023
"GREENHOUSE GAS EMISSION",2,2023,2024,2024
"HEAVY METAL",2,2020,2021,2022
"HETEROTROPH",2,2014,2016,2019
"HIGH COSTS",2,2012,2014,2016
"HUMAN HEALTH",2,2024,2024,2024
"HUMAN POPULATION",2,2017,2018,2020
"HYDROTHERMAL LIQUEFACTION",2,2018,2018,2019
"INCENTIVE",2,2024,2024,2024
"INDUSTRIAL PLANTS",2,2018,2018,2018
"INDUSTRIAL WASTEWATERS",2,2020,2021,2022
"INDUSTRIALIZATION",2,2016,2018,2019
"INDUSTRY",2,2016,2018,2020
"INFORMATICS",2,2015,2015,2015
"INTEGRATED APPROACH",2,2016,2017,2018
"IONIC LIQUIDS",2,2020,2022,2023
"LARGE SCALE CULTIVATIONS",2,2018,2019,2020
"LIFE-CYCLE ASSESSMENT",2,2015,2016,2016
"LIFE-CYCLE ASSESSMENTS",2,2020,2020,2020
"LIPID PRODUCTIVITIES",2,2017,2018,2019
"LIQUID BIOFUELS",2,2014,2018,2021
"LISTERIA",2,2025,2025,2025
"LITERATURE REVIEW",2,2015,2018,2021
"MARINE MICROALGAE",2,2019,2020,2020
"MARKET",2,2020,2021,2022
"MICROALGA BIOFUEL",2,2024,2024,2025
"MICROALGA BIOMASS",2,2018,2020,2021
"MICROALGAL BIODIESEL",2,2021,2022,2022
"MICROALGAL BIODIESEL PRODUCTION",2,2018,2020,2022
"MICROALGAL BIODIESELS",2,2019,2020,2020
"MICROALGAL CULTIVATIONS",2,2015,2016,2016
"MICROALGAL CULTURES",2,2019,2020,2020
"MICROBIAL FUEL CELL",2,2023,2023,2023
"MICROBIOLOGY",2,2016,2016,2016
"MITIGATION",2,2010,2011,2012
"MUNICIPAL SOLID WASTE",2,2020,2021,2022
"NANNOCHLOROPSIS",2,2020,2021,2022
"NANNOCHLOROPSIS OCEANICA",2,2024,2024,2024
"NITROGEN OXIDES",2,2014,2017,2020
"NON-RENEWABLE",2,2022,2022,2022
"NON-RENEWABLE ENERGY RESOURCES",2,2014,2017,2020
"NUCLEIC ACIDS",2,2011,2012,2012
"NUTRACEUTICAL",2,2020,2021,2022
"NUTRIENT AVAILABILITY",2,2014,2014,2015
"NUTRIENT RECYCLING",2,2012,2014,2015
"OIL",2,2016,2017,2018
"OIL PRODUCTION",2,2012,2012,2012
"OXYGEN",2,2020,2020,2021
"PALM OIL MILL EFFLUENTS",2,2018,2019,2020
"PERCEPTION",2,2011,2011,2011
"PHAEODACTYLUM TRICORNUTUM",2,2013,2016,2020
"PHOTOBIOREACTOR",2,2023,2024,2024
"PHYSICAL CHEMISTRY",2,2019,2020,2020
"PHYTOREMEDIATION",2,2020,2021,2022
"PIGMENTS",2,2020,2020,2020
"PLASTIC",2,2022,2022,2023
"POLLUTANT REMOVAL",2,2018,2020,2021
"POLLUTION",2,2014,2015,2016
"POLYUNSATURATED FATTY ACIDS",2,2022,2022,2023
"POND",2,2024,2024,2025
"PORPHYRIDIUM",2,2020,2021,2022
"POWER GENERATION",2,2011,2012,2012
"PROCESS OPTIMIZATION",2,2020,2021,2022
"PROCESS TECHNOLOGY",2,2020,2020,2021
"PROTEINS",2,2020,2022,2023
"PUBLIC HEALTH",2,2024,2024,2024
"RACEWAY POND",2,2016,2016,2016
"RENEWABLE FUELS",2,2013,2016,2020
"RENEWABLE SOURCES",2,2018,2019,2020
"RENEWABLES",2,2017,2018,2020
"RESEARCH EFFORTS",2,2020,2020,2021
"RESOURCE RECOVERY",2,2022,2023,2024
"SALINITY",2,2018,2018,2019
"SCALE-UP",2,2012,2014,2015
"SEASONAL VARIATION",2,2018,2020,2021
"SECOND GENERATION",2,2022,2022,2023
"SOCIAL LIFE",2,2025,2025,2025
"SOIL POLLUTION",2,2018,2020,2022
"STATE OF THE ART",2,2014,2016,2018
"STRAIN",2,2022,2022,2023
"SULFUR DIOXIDE",2,2020,2020,2021
"SUSTAINABLE ENERGY",2,2014,2017,2020
"SUSTAINABLE RESOURCES",2,2013,2016,2018
"SYNTHESIS",2,2014,2018,2022
"SYSTEMS BIOLOGY",2,2014,2017,2020
"TAXATION",2,2019,2020,2020
"TECHNOECONOMIC ANALYSIS",2,2018,2018,2019
"TECHNOLOGY CHALLENGES",2,2020,2021,2022
"TERRESTRIAL PLANTS",2,2015,2018,2021
"THERMOCHEMICAL CONVERSION",2,2023,2023,2023
"TRANSPORTATION FUELS",2,2011,2013,2015
"TREND STUDY",2,2020,2021,2022
"UNCLASSIFIED DRUG",2,2020,2022,2023
"US DEPARTMENT OF ENERGY",2,2010,2010,2010
"VALORIZATION",2,2021,2022,2022
"VOLUMETRIC EFFICIENCY",2,2011,2012,2012
"WASTE INCINERATION",2,2024,2024,2025
"WASTE WATER BIOREMEDIATION",2,2022,2023,2024
"WATER CONSERVATION",2,2013,2016,2019
"WATER MANAGEMENT",2,2013,2013,2013
"WATER RESOURCES",2,2011,2012,2012
"ZERO WASTE",2,2020,2021,2022
"% REDUCTIONS",1,2015,2015,2015
"]+ CATALYST",1,2022,2022,2022
"ABBREVIATION AD EFFLUENT FROM AN ANEROBIC DIGESTION TANK",1,2022,2022,2022
"ACCIDENTS",1,2016,2016,2016
"ACID RAIN",1,2014,2014,2014
"ACYLGLYCEROL",1,2011,2011,2011
"ADDED VALUE PRODUCTS",1,2010,2010,2010
"ADENOVIRIDAE",1,2024,2024,2024
"ADVANCED GENERATION BIOFUEL",1,2021,2021,2021
"ADVANCED TECHNOLOGY",1,2013,2013,2013
"AEROBIC BACTERIA",1,2025,2025,2025
"AGRICULTURAL SLURRY",1,2016,2016,2016
"AGRICULTURAL WASTES",1,2024,2024,2024
"AGRO-INDUSTRIAL RESIDUE",1,2021,2021,2021
"ALCOHOL",1,2012,2012,2012
"ALCOHOL DERIVATIVE",1,2020,2020,2020
"ALGA BIOENERGY",1,2017,2017,2017
"ALGA CULTIVATION",1,2022,2022,2022
"ALGAE BIOMASS",1,2023,2023,2023
"ALGAL BIOCHAR",1,2025,2025,2025
"ALGAL BIOREFINERY",1,2024,2024,2024
"ALGAL BLOOM",1,2012,2012,2012
"ALGAL CELLS",1,2009,2009,2009
"ALKANE",1,2011,2011,2011
"ALTERNATIVE AGRICULTURE",1,2013,2013,2013
"ALTERNATIVE CONFIGURATIONS",1,2016,2016,2016
"ALTERNATIVE ENERGY SOURCE",1,2023,2023,2023
"ANABAENA CYLINDRICA",1,2023,2023,2023
"ANAEROBIC-DIGESTION",1,2020,2020,2020
"ANAEROBIC FERMENTATION",1,2019,2019,2019
"ANAEROBIC HYDROLYSIS",1,2015,2015,2015
"ANAEROBICS",1,2025,2025,2025
"ANALYTIC METHOD",1,2010,2010,2010
"ANIMAL MANURE",1,2023,2023,2023
"ANION-EXCHANGE RESIN",1,2014,2014,2014
"ANTHROPOGENIC ACTIVITY",1,2021,2021,2021
"ANTHROPOGENIC EFFECTS",1,2022,2022,2022
"ANTHROPOGENIC GREENHOUSE GAS EMISSIONS",1,2018,2018,2018
"ANTIOXIDANT",1,2019,2019,2019
"ANTIOXIDANT ACTIVITY",1,2019,2019,2019
"AQUACULTURE INDUSTRY",1,2024,2024,2024
"AQUAFEED",1,2022,2022,2022
"AQUATIC",1,2021,2021,2021
"AQUATIC ORGANISMS",1,2018,2018,2018
"AQUATIC SPECIES",1,2018,2018,2018
"AQUATIC SPECIES PROGRAM",1,2009,2009,2009
"AQUIFER",1,2010,2010,2010
"ARID REGIONS",1,2022,2022,2022
"ARTHROSPIRA",1,2023,2023,2023
"ASH",1,2024,2024,2024
"ASSESSMENT METHOD",1,2020,2020,2020
"ASSESSMENT METHODOLOGIES",1,2018,2018,2018
"ASTAXANTHIN",1,2022,2022,2022
"ATMOSPHERIC CO",1,2010,2010,2010
"AUTOMOBILE",1,2012,2012,2012
"AUTOMOTIVE ENGINE",1,2012,2012,2012
"AUTOTROPH",1,2011,2011,2011
"AUTOTROPHIC PROCESSES",1,2010,2010,2010
"AUTOTROPHICS",1,2015,2015,2015
"AUXENOCHLORELLA PROTOTHECOIDES",1,2023,2023,2023
"AVIATION",1,2024,2024,2024
"B BENZENE",1,2022,2022,2022
"BATCH CELL CULTURE",1,2022,2022,2022
"BAUXITE ORE TREATMENT",1,2022,2022,2022
"BECCS",1,2019,2019,2019
"BENZENE",1,2022,2022,2022
"BENZENE- TOLUENES",1,2022,2022,2022
"BI BICARBONATE",1,2022,2022,2022
"BIBLIOMETRIC",1,2024,2024,2024
"BIBLIOMETRICS ANALYSIS",1,2024,2024,2024
"BIO-BASED CHEMICALS",1,2016,2016,2016
"BIO-ENERGY PRODUCTION",1,2022,2022,2022
"BIO-ENERGY UTILIZATION",1,2022,2022,2022
"BIO-ETHANOL PRODUCTION",1,2012,2012,2012
"BIO-HYDROGEN",1,2022,2022,2022
"BIO-JET FUEL",1,2024,2024,2024
"BIO-MASS ENERGY",1,2022,2022,2022
"BIO-OIL",1,2024,2024,2024
"BIO-OILS",1,2024,2024,2024
"BIO-PLASTICS",1,2022,2022,2022
"BIO CHARS",1,2019,2019,2019
"BIO CIRCULAR GREEN ECONOMY",1,2023,2023,2023
"BIOACTIVE COMPOUNDS",1,2025,2025,2025
"BIOCHEMICAL METHANE POTENTIAL",1,2009,2009,2009
"BIOCHEMICAL OXYGEN DEMAND",1,2023,2023,2023
"BIODEGRADATION, ENVIRONMENTAL",1,2009,2009,2009
"BIODIESEL CONVERSION",1,2019,2019,2019
"BIODIESEL INDUSTRY",1,2015,2015,2015
"BIODIESEL SYNTHESIS",1,2019,2019,2019
"BIOENERGY CONVERSION",1,2019,2019,2019
"BIOENERGY PRODUCTION",1,2017,2017,2017
"BIOENERGY SOURCES",1,2011,2011,2011
"BIOENERGY STRATEGIES",1,2022,2022,2022
"BIOFERTILIZERS",1,2025,2025,2025
"BIOFILM GROWTH",1,2025,2025,2025
"BIOFUEL POLICIES",1,2018,2018,2018
"BIOFUEL SUPPLY CHAINS",1,2021,2021,2021
"BIOGAS SLURRY",1,2016,2016,2016
"BIOGENIC",1,2023,2023,2023
"BIOGENIC CARBON",1,2023,2023,2023
"BIOGENIC EMISSION",1,2023,2023,2023
"BIOHAZARDS",1,2016,2016,2016
"BIOHYDROGEN",1,2019,2019,2019
"BIOHYDROGEN PRODUCTION",1,2023,2023,2023
"BIOKEROSENE",1,2024,2024,2024
"BIOLOGICAL INVASION",1,2012,2012,2012
"BIOLOGICAL OXYGEN DEMAND",1,2022,2022,2022
"BIOLOGICAL PATHWAYS",1,2020,2020,2020
"BIOLOGICAL PRODUCT",1,2019,2019,2019
"BIOLOGICAL PRODUCTS",1,2019,2019,2019
"BIOLOGICAL TECHNOLOGY",1,2022,2022,2022
"BIOMASS-BASED FUELS",1,2022,2022,2022
"BIOMASS GASIFICATION",1,2013,2013,2013
"BIOMASS GENERATION",1,2020,2020,2020
"BIOMASS MATERIALS",1,2022,2022,2022
"BIOMASS SUPPLY CHAIN",1,2021,2021,2021
"BIOMASS TECHNOLOGIES",1,2022,2022,2022
"BIOMASS VALORIZATION",1,2022,2022,2022
"BIOPOLYMER",1,2022,2022,2022
"BIOPROCESS DEVELOPMENT",1,2022,2022,2022
"BIOREACTOR DESIGN",1,2023,2023,2023
"BIOREFINERY",1,2025,2025,2025
"BIOREFINERY CONCEPT",1,2018,2018,2018
"BIOREFINERY FEEDSTOCKS",1,2019,2019,2019
"BIOREFINERY PROCESS",1,2021,2021,2021
"BIOREFINERY PRODUCTS",1,2021,2021,2021
"BIOREFINING",1,2010,2010,2010
"BIOSAFETY",1,2016,2016,2016
"BIOSEQUESTRATION",1,2018,2018,2018
"BIOTECHNOLOGICAL APPLICATIONS",1,2015,2015,2015
"BIOTECHNOLOGICAL PRODUCTION",1,2020,2020,2020
"BOD BIOLOGICAL OXYGEN DEMAND",1,2022,2022,2022
"BORON",1,2022,2022,2022
"BOTRYOCOCCUS",1,2023,2023,2023
"BOTRYOCOCCUS-BRAUNII",1,2025,2025,2025
"BR BORON",1,2022,2022,2022
"BRACKISH WATER",1,2012,2012,2012
"BTEX: BENZENE TOLUENE, ETHYLBENZENE, AND XYLENE",1,2022,2022,2022
"BULK LIPIDS",1,2011,2011,2011
"BUTANOL",1,2020,2020,2020
"BUTANOL PRODUCTION",1,2019,2019,2019
"BYPRODUCT",1,2020,2020,2020
"C.I. ENGINE",1,2024,2024,2024
"CARBOHYDRATE ANALYSIS",1,2019,2019,2019
"CARBOHYDRATES",1,2012,2012,2012
"CARBON-DIOXIDE EXTRACTION",1,2020,2020,2020
"CARBON BALANCE",1,2013,2013,2013
"CARBON CAPTURE AND UTILIZATION",1,2024,2024,2024
"CARBON CONCENTRATING MECHANISM",1,2022,2022,2022
"CARBON DIOXIDE CONCENTRATIONS",1,2017,2017,2017
"CARBON DIOXIDE MITIGATION",1,2016,2016,2016
"CARBON ECONOMY",1,2023,2023,2023
"CARBON EMISSIONS",1,2023,2023,2023
"CARBON EMISSIONS REDUCTIONS",1,2017,2017,2017
"CARBON MITIGATION",1,2022,2022,2022
"CARBON MONOXIDE",1,2019,2019,2019
"CARBON NEUTRAL BIODIESEL",1,2022,2022,2022
"CARBON NEUTRALITY",1,2022,2022,2022
"CARBON NEUTRALIZATION",1,2022,2022,2022
"CARBON SOLUTIONS",1,2025,2025,2025
"CARBON SOURCE",1,2023,2023,2023
"CARBON STORAGE",1,2019,2019,2019
"CARBONACEOUS ADSORBENTS",1,2025,2025,2025
"CARBONACEOUS MATERIALS",1,2025,2025,2025
"CARBONATE DEHYDRATASE",1,2023,2023,2023
"CARBONIZATION",1,2025,2025,2025
"CARBOXYLATE",1,2015,2015,2015
"CARBOXYLATE PLATFORMS",1,2015,2015,2015
"CARBOXYLATION",1,2015,2015,2015
"CASSAVA WASTEWATER",1,2022,2022,2022
"CATERING SERVICE",1,2013,2013,2013
"CELL COMPOSITION",1,2019,2019,2019
"CELL CONCENTRATIONS",1,2011,2011,2011
"CELL CULTURE",1,2009,2009,2009
"CELL CULTURE TECHNIQUES",1,2012,2012,2012
"CELL DISRUPTION TECHNIQUE",1,2024,2024,2024
"CELL MEMBRANES",1,2009,2009,2009
"CELL PROLIFERATION",1,2022,2022,2022
"CELL TRANSFORMATION",1,2011,2011,2011
"CELLS, IMMOBILIZED",1,2018,2018,2018
"CELLULOSE",1,2021,2021,2021
"CEMENTS",1,2022,2022,2022
"CHANG-PING YU",1,2025,2025,2025
"CHARCOAL",1,2022,2022,2022
"CHEMICAL COMPOUND",1,2019,2019,2019
"CHEMICAL CONTAMINATION",1,2017,2017,2017
"CHEMICAL GENETICS",1,2024,2024,2024
"CHEMICAL MODIFICATION",1,2021,2021,2021
"CHEMICAL REACTION",1,2023,2023,2023
"CHLAMYDOMONAS",1,2023,2023,2023
"CHLORELLA PYRENOIDOSA",1,2023,2023,2023
"CHLORELLA SP",1,2022,2022,2022
"CI ENGINE",1,2024,2024,2024
"CIRCULAR CARBON ECONOMY",1,2023,2023,2023
"CITRIC ACID CYCLE",1,2022,2022,2022
"CIVIL ENGINEERING",1,2025,2025,2025
"CLEAN FUEL",1,2024,2024,2024
"CLEAN TECHNOLOGIES",1,2023,2023,2023
"CLEAN WATERS",1,2025,2025,2025
"CLIMATE ACTION",1,2024,2024,2024
"CLIMATE MODELS",1,2019,2019,2019
"CLOSED-LOOP",1,2023,2023,2023
"CLOSTRIDIUM",1,2025,2025,2025
"CO-CULTURES",1,2015,2015,2015
"CO 2 MITIGATION",1,2022,2022,2022
"CO2",1,2019,2019,2019
"CO2 BIOFIXATION",1,2022,2022,2022
"CO2 CAPTURE",1,2024,2024,2024
"CO2 CAPTURE AND SEQUESTRATION",1,2022,2022,2022
"CO2 EMISSIONS",1,2023,2023,2023
"CO2 REDUCTION",1,2019,2019,2019
"CO2 SEQUESTRATION",1,2020,2020,2020
"COD CHEMICAL DEMAND FOR OXYGEN",1,2022,2022,2022
"COHERENT SCREENING",1,2025,2025,2025
"COLD CLIMATE",1,2023,2023,2023
"COLD REGIONS",1,2023,2023,2023
"COLOCATIONS",1,2017,2017,2017
"COMMERCIAL",1,2010,2010,2010
"COMMERCIAL APPLICATIONS",1,2023,2023,2023
"COMMERCIAL FACILITIES",1,2018,2018,2018
"COMMERCIAL PROCESS",1,2017,2017,2017
"COMMERCIAL REALITY",1,2009,2009,2009
"COMMERCIAL TRANSPORTATION",1,2020,2020,2020
"COMPOUND ENGINES",1,2025,2025,2025
"COMPREHENSIVE INFORMATION",1,2018,2018,2018
"COMPREHENSIVE RESEARCH",1,2009,2009,2009
"COMPRESSION IGNITION ENGINE",1,2014,2014,2014
"CONCENTRATION (COMPOSITION)",1,2018,2018,2018
"CONCEPTUAL REVIEW",1,2020,2020,2020
"CONFLICTS ANALYSIS",1,2022,2022,2022
"CONSTRUCTION AND DEMOLITION WASTE",1,2025,2025,2025
"CONSUMER VALUE",1,2023,2023,2023
"CONTINUOUS PHOTO-BIOREACTOR",1,2022,2022,2022
"CONTINUOUS PRODUCTION",1,2015,2015,2015
"CONTROLLED STUDY",1,2024,2024,2024
"CONVENTIONAL ENERGY SOURCES",1,2022,2022,2022
"CONVENTIONAL OIL",1,2019,2019,2019
"CONVERSION PROCESS",1,2016,2016,2016
"CONVERSION TECHNOLOGY",1,2020,2020,2020
"COP CONFERENCE OF THE PARTY",1,2022,2022,2022
"COPRODUCT",1,2017,2017,2017
"COST-EFFICIENT",1,2024,2024,2024
"COST ANALYSIS",1,2016,2016,2016
"COST CONTROL",1,2023,2023,2023
"COST ESTIMATING",1,2025,2025,2025
"COST REDUCTION",1,2022,2022,2022
"COSTS AND COST ANALYSIS",1,2020,2020,2020
"COVID-19",1,2023,2023,2023
"CR CONFLUENCE OF CONCENTRATED SLUDGE TAILING AND DIGESTED EFFLUENT",1,2022,2022,2022
"CRITIC",1,2025,2025,2025
"CRITICAL DATA",1,2012,2012,2012
"CRITICAL EVALUATION",1,2010,2010,2010
"CRITICAL FACTORS",1,2010,2010,2010
"CROP PLANTS",1,2018,2018,2018
"CROP PRODUCTION",1,2013,2013,2013
"CROSSFLOW FILTRATION",1,2016,2016,2016
"CRUDE OIL",1,2016,2016,2016
"CRUDE OIL PRICE",1,2020,2020,2020
"CRUDE OIL PRICES",1,2024,2024,2024
"CU COPPER",1,2022,2022,2022
"CULTIVATION AND HARVESTING",1,2023,2023,2023
"CULTIVATION SYSTEMS",1,2023,2023,2023
"CULTURAL IMPLICATIONS",1,2015,2015,2015
"CULTURE CONDITIONS",1,2010,2010,2010
"CULTURE MEDIUM",1,2022,2022,2022
"CULTURE OPTIMIZATIONS",1,2016,2016,2016
"CULTURE TECHNIQUE",1,2012,2012,2012
"CURRENT LIMITATION",1,2011,2011,2011
"CURRENT PRODUCTION",1,2016,2016,2016
"CURRENT SITUATION",1,2022,2022,2022
"CW CASSAVUM WASTEWATER",1,2022,2022,2022
"CYANOBACTERIAL STRAIN",1,2023,2023,2023
"CYTOLOGY",1,2018,2018,2018
"D LIQUID DIGESTATE",1,2022,2022,2022
"DALYS (DISABILITYADJUSTED LIFE YEARS)",1,2024,2024,2024
"DATA SET",1,2012,2012,2012
"DATABASE",1,2015,2015,2015
"DEFORESTATION",1,2018,2018,2018
"DELPHI ANALYSIS",1,2015,2015,2015
"DELPHI STUDY",1,2015,2015,2015
"DENSITY GRADIENT CENTRIFUGATION",1,2016,2016,2016
"DESIGN AND IMPLEMENTATIONS",1,2013,2013,2013
"DESMODESMUS",1,2023,2023,2023
"DEVELOPING COUNTRIES",1,2020,2020,2020
"DEVELOPING WORLD",1,2012,2012,2012
"DIESEL ENGINES",1,2022,2022,2022
"DIGESTIBILITY",1,2015,2015,2015
"DIGITAL STORAGE",1,2024,2024,2024
"DIOXIDE CAPTURE",1,2019,2019,2019
"DISABILITY-ADJUSTED LIFE YEAR",1,2024,2024,2024
"DISABILITY ADJUSTED LIFE YEARS",1,2024,2024,2024
"DISCRETE CHOICE EXPERIMENTS",1,2023,2023,2023
"DOCOSAHEXAENOIC ACID",1,2023,2023,2023
"DOWNSTREAM OPERATION",1,2020,2020,2020
"DRUG",1,2024,2024,2024
"DRUG INDUSTRY",1,2019,2019,2019
"DRY WEIGHT",1,2019,2019,2019
"DYES",1,2009,2009,2009
"EARTH (PLANET)",1,2021,2021,2021
"ECO-INNOVATION",1,2011,2011,2011
"ECOLOGY",1,2022,2022,2022
"ECONOMIC AND ENVIRONMENTAL BENEFITS",1,2014,2014,2014
"ECONOMIC AND SOCIAL BENEFITS",1,2015,2015,2015
"ECONOMIC AND SOCIAL EFFECTS",1,2023,2023,2023
"ECONOMIC BARRIERS",1,2009,2009,2009
"ECONOMIC CONDITIONS",1,2019,2019,2019
"ECONOMIC ENVIRONMENT",1,2020,2020,2020
"ECONOMIC IMPACT",1,2023,2023,2023
"ECONOMIC PARAMETERS",1,2023,2023,2023
"ECONOMIC PERSPECTIVE",1,2021,2021,2021
"ECONOMICAL PRODUCTION",1,2020,2020,2020
"ECOSYSTEM RESTORATION",1,2023,2023,2023
"ECOSYSTEMS",1,2023,2023,2023
"EDITING TOOLS",1,2018,2018,2018
"ELECTRIC POWER SYSTEM ECONOMICS",1,2012,2012,2012
"ELECTRIC POWER TRANSMISSION",1,2018,2018,2018
"ELECTRICITY",1,2024,2024,2024
"ELECTROPHYSIOLOGY",1,2022,2022,2022
"EMERGING TECHNOLOGIES",1,2015,2015,2015
"EMISSION MITIGATION",1,2011,2011,2011
"EMPIRICAL RESEARCH",1,2016,2016,2016
"ENERGY-BALANCE",1,2023,2023,2023
"ENERGY-GENERATING RESOURCES",1,2009,2009,2009
"ENERGY BALANCE ANALYSIS",1,2020,2020,2020
"ENERGY CONTAMINATION",1,2023,2023,2023
"ENERGY CONVERSION",1,2020,2020,2020
"ENERGY CONVERSION EFFICIENCY",1,2023,2023,2023
"ENERGY COST",1,2020,2020,2020
"ENERGY HARVESTING",1,2010,2010,2010
"ENERGY INDEPENDENCE",1,2009,2009,2009
"ENERGY RESOURCES",1,2011,2011,2011
"ENERGY SOURCE",1,2021,2021,2021
"ENERGY SUSTAINABILITY",1,2022,2022,2022
"ENERGY TRANSITIONS",1,2024,2024,2024
"ENERGY USE",1,2012,2012,2012
"ENERGY YIELD",1,2018,2018,2018
"ENGINEERING RESEARCH",1,2023,2023,2023
"ENGINES",1,2012,2012,2012
"ENRICHMENT EVALUATION",1,2025,2025,2025
"ENVIRONMENTAL APPLICATIONS",1,2015,2015,2015
"ENVIRONMENTAL BENEFITS",1,2012,2012,2012
"ENVIRONMENTAL BIOMONITORING",1,2024,2024,2024
"ENVIRONMENTAL CHARACTERISTIC",1,2018,2018,2018
"ENVIRONMENTAL CONCERNS",1,2020,2020,2020
"ENVIRONMENTAL CONTAMINATION",1,2023,2023,2023
"ENVIRONMENTAL CRISIS",1,2025,2025,2025
"ENVIRONMENTAL DEVELOPMENT",1,2015,2015,2015
"ENVIRONMENTAL HEALTH",1,2024,2024,2024
"ENVIRONMENTAL MANAGEMENT",1,2024,2024,2024
"ENVIRONMENTAL PERFORMANCE",1,2017,2017,2017
"ENVIRONMENTAL PLANNING",1,2016,2016,2016
"ENVIRONMENTAL POLLUTIONS",1,2022,2022,2022
"ENVIRONMENTAL PROTECTION AGENCY",1,2024,2024,2024
"ENVIRONMENTAL REMEDIATION",1,2025,2025,2025
"ENVIRONMENTAL STANDPOINT",1,2015,2015,2015
"ENVIRONMENTAL TREATMENT",1,2018,2018,2018
"ENVIRONMENTALLY BENIGN",1,2016,2016,2016
"EPS EXOPOLYMER",1,2022,2022,2022
"ET ETHYLBENZENE",1,2022,2022,2022
"ETHANOL-PRODUCTION",1,2025,2025,2025
"EUKARYOTE",1,2012,2012,2012
"EUKARYOTIC MICROORGANISMS",1,2012,2012,2012
"EUKARYOTIC ORGANISMS",1,2020,2020,2020
"EUTROPHICATION",1,2015,2015,2015
"EVAPORATION",1,2018,2018,2018
"EXHAUST GAS",1,2020,2020,2020
"EXHAUST GASES",1,2025,2025,2025
"EXOPOLYMERS",1,2022,2022,2022
"EXOPOLYSACCHARIDE",1,2023,2023,2023
"EXPERT SYSTEM",1,2015,2015,2015
"EXPONENTIAL GROWTH",1,2023,2023,2023
"EXPONENTIAL INCREASE",1,2022,2022,2022
"EXTERNALITY",1,2023,2023,2023
"F FLUORINE",1,2022,2022,2022
"FAMES",1,2014,2014,2014
"FASTER RATES",1,2022,2022,2022
"FATTY-ACID-COMPOSITION",1,2014,2014,2014
"FATTY-ACIDS",1,2023,2023,2023
"FATTY ACIDS PROFILES",1,2024,2024,2024
"FE IRON",1,2022,2022,2022
"FEDERAL BUDGET",1,2009,2009,2009
"FEED STOCK",1,2018,2018,2018
"FEEDSTOCK RESOURCES",1,2018,2018,2018
"FIXATION",1,2022,2022,2022
"FLOTATION",1,2010,2010,2010
"FLUE-GAS",1,2019,2019,2019
"FLUE GASES",1,2019,2019,2019
"FLUIDIZED-BED BIOREACTOR",1,2025,2025,2025
"FOOD COLOR",1,2023,2023,2023
"FOOD PRICES",1,2023,2023,2023
"FOOD PRODUCTION",1,2022,2022,2022
"FOOD WASTE",1,2024,2024,2024
"FOREST",1,2019,2019,2019
"FOSSIL CARBON",1,2023,2023,2023
"FOSSIL FUEL COMBUSTION",1,2013,2013,2013
"FOSSIL FUEL DEPOSITS",1,2016,2016,2016
"FOURTH GENERATION",1,2024,2024,2024
"FRACTIONATION",1,2019,2019,2019
"FRESH WATER",1,2018,2018,2018
"FRESHWATER MICROALGAE",1,2021,2021,2021
"FUEL CELLS",1,2012,2012,2012
"FUEL CHARACTERISTICS",1,2021,2021,2021
"FUEL ECONOMY",1,2022,2022,2022
"FUEL PRODUCTION",1,2010,2010,2010
"FUEL PURIFICATION",1,2012,2012,2012
"FUEL RESEARCH",1,2024,2024,2024
"FUEL SUBSTITUTES",1,2009,2009,2009
"FUELING",1,2018,2018,2018
"FUTURE DIRECTIONS",1,2010,2010,2010
"FUTURE PERSPECTIVES",1,2022,2022,2022
"FUTURE RESEARCH DIRECTIONS",1,2021,2021,2021
"GAS DIFFUSION",1,2010,2010,2010
"GENE SEQUENCE",1,2010,2010,2010
"GENETIC MANIPULATION",1,2016,2016,2016
"GENETIC MARKER",1,2011,2011,2011
"GENETIC MODIFICATIONS",1,2011,2011,2011
"GENETICALLY MODIFIED",1,2016,2016,2016
"GENETICALLY MODIFIED ORGANISM",1,2013,2013,2013
"GEOGRAPHIC DISTRIBUTION",1,2024,2024,2024
"GEOGRAPHICAL LOCATIONS",1,2020,2020,2020
"GEOGRAPHICAL VARIATION (SPECIES)",1,2016,2016,2016
"GLOBAL DEMAND",1,2023,2023,2023
"GLOBAL EMISSIONS",1,2024,2024,2024
"GLOBAL ENERGY STRATEGY",1,2022,2022,2022
"GLOBAL OPTIMIZATION",1,2017,2017,2017
"GLOBAL SUSTAINABILITY",1,2010,2010,2010
"GLYCERIDE SYNTHESIS",1,2011,2011,2011
"GOLD ORE TREATMENT",1,2022,2022,2022
"GOVERNMENT",1,2010,2010,2010
"GRADIENT BOOSTING",1,2024,2024,2024
"GRADIENT BOOSTING MACHINE",1,2024,2024,2024
"GRAND CHALLENGE",1,2010,2010,2010
"GREEN BIOREFINERY",1,2023,2023,2023
"GREEN CHEMISTRY",1,2023,2023,2023
"GREEN ECONOMIES",1,2023,2023,2023
"GREEN ECONOMY",1,2024,2024,2024
"GREEN ENERGY",1,2011,2011,2011
"GREEN GASOLINE",1,2009,2009,2009
"GREEN HOUSE GAS",1,2022,2022,2022
"GREEN HYDROGEN",1,2024,2024,2024
"GREEN RECOVERY",1,2023,2023,2023
"GREENHOUSE",1,2018,2018,2018
"GREENHOUSE GAS MITIGATION",1,2023,2023,2023
"GREENHOUSE GASES (GHG)",1,2021,2021,2021
"GREENHOUSE GASES EMISSIONS",1,2015,2015,2015
"GREENHOUSES",1,2022,2022,2022
"GREENHOUSES GAS",1,2023,2023,2023
"GROUNDWATER",1,2015,2015,2015
"GROUNDWATER FLOW",1,2012,2012,2012
"GROUNDWATER POLLUTION",1,2015,2015,2015
"GROWING CONDITIONS",1,2021,2021,2021
"GROWTH INHIBITION",1,2022,2022,2022
"GROWTH MEDIUM",1,2024,2024,2024
"GROWTH STIMULATION",1,2022,2022,2022
"GUIDELINE",1,2022,2022,2022
"HAEMATOCOCCUS",1,2023,2023,2023
"HARVESTING METHODS",1,2023,2023,2023
"HAZARD EVALUATION",1,2016,2016,2016
"HAZARDOUS MATERIALS",1,2016,2016,2016
"HAZARDOUS SUBSTANCES",1,2021,2021,2021
"HAZARDS",1,2016,2016,2016
"HEALTH CARE",1,2020,2020,2020
"HEALTH CARE APPLICATION",1,2020,2020,2020
"HEALTH HAZARD",1,2024,2024,2024
"HEALTH PRODUCTS",1,2024,2024,2024
"HEALTH RISKS",1,2024,2024,2024
"HEAVY METALS",1,2023,2023,2023
"HEMP",1,2025,2025,2025
"HERB",1,2010,2010,2010
"HETEROTROPHIC FERMENTATION",1,2015,2015,2015
"HETEROTROPHY",1,2018,2018,2018
"HEXANE",1,2016,2016,2016
"HIGH-VALUE-ADDED BIO-RENEWABLES",1,2022,2022,2022
"HIGH ENERGY CONSUMPTION",1,2015,2015,2015
"HIGH ENERGY DENSITIES",1,2009,2009,2009
"HIGH ENERGY DENSITY",1,2009,2009,2009
"HIGH GROWTH-RATE",1,2022,2022,2022
"HIGH POTENTIAL",1,2016,2016,2016
"HUMAN ACTIVITY",1,2022,2022,2022
"HUMAN RACES",1,2023,2023,2023
"HYBRID SYSTEMS",1,2023,2023,2023
"HYDROCARBON",1,2019,2019,2019
"HYDROGEN-PRODUCTION",1,2023,2023,2023
"HYDROGEN FUELS",1,2022,2022,2022
"HYDROGEN PRODUCTION",1,2024,2024,2024
"HYDROGENATION",1,2010,2010,2010
"HYDROLYSIS KINETICS",1,2023,2023,2023
"HYDROPHILICITY",1,2019,2019,2019
"HYDROTHERMAL CARBONIZATION",1,2025,2025,2025
"HYDROTHERMAL LIQUEFACTIONS",1,2024,2024,2024
"HYDROTREATMENT",1,2024,2024,2024
"I.C. ENGINE",1,2022,2022,2022
"IC ENGINES",1,2022,2022,2022
"IDEAL SOLUTIONS",1,2025,2025,2025
"ILLUMINATION",1,2010,2010,2010
"IMAGE ENHANCEMENT",1,2020,2020,2020
"IMMOBILIZED CELL",1,2018,2018,2018
"IMPACT",1,2015,2015,2015
"IMPACT ASSESSMENT",1,2023,2023,2023
"IN-DEPTH ANALYSIS",1,2023,2023,2023
"INDONESIA",1,2023,2023,2023
"INDUSTRIAL-SCALE PRODUCTION",1,2021,2021,2021
"INDUSTRIAL ECONOMICS",1,2018,2018,2018
"INDUSTRIAL EMISSIONS",1,2024,2024,2024
"INDUSTRIAL RESEARCH",1,2009,2009,2009
"INDUSTRIAL SCALE",1,2019,2019,2019
"INDUSTRIAL SOURCES",1,2025,2025,2025
"INDUSTRIAL WASTE",1,2019,2019,2019
"INDUSTRIAL WATER TREATMENT",1,2018,2018,2018
"INFORMATION GAP",1,2010,2010,2010
"INFORMATION SCIENCE",1,2015,2015,2015
"INFRASTRUCTURE CONSTRUCTION",1,2015,2015,2015
"INSURANCE",1,2025,2025,2025
"INTEGER PROGRAMMING",1,2015,2015,2015
"INTEGRATED APPLICATIONS",1,2018,2018,2018
"INTEGRATED ASSESSMENT MODELS",1,2018,2018,2018
"INTEGRATED CIRCUITS",1,2022,2022,2022
"INTEGRATION",1,2023,2023,2023
"INTERNAL COMBUSTION",1,2010,2010,2010
"INTERNATIONAL TRADE",1,2020,2020,2020
"INVENTORY",1,2021,2021,2021
"IRON",1,2022,2022,2022
"ISOLATION AND PURIFICATION",1,2019,2019,2019
"JAPAN",1,2010,2010,2010
"JATROPHA-CURCAS L.",1,2014,2014,2014
"JET FUEL",1,2009,2009,2009
"KEY CHALLENGES",1,2019,2019,2019
"KEY ISSUES",1,2023,2023,2023
"KNOWLEDGE BASE",1,2010,2010,2010
"KNOWLEDGE BASED SYSTEMS",1,2010,2010,2010
"LABORATORY SCALE",1,2011,2011,2011
"LAND AREAS",1,2020,2020,2020
"LAND FILL",1,2025,2025,2025
"LAND USAGE",1,2018,2018,2018
"LAND USE CHANGE",1,2015,2015,2015
"LAND UTILIZATION",1,2012,2012,2012
"LANDFILL LEACHATES",1,2016,2016,2016
"LARGE-SCALE PRODUCTION",1,2011,2011,2011
"LEACHATE TREATMENT",1,2016,2016,2016
"LEAKAGE (FLUID)",1,2009,2009,2009
"LEPTOLYNGBYA",1,2023,2023,2023
"LIGHT HARVESTING SYSTEM",1,2016,2016,2016
"LIGHT INTENSITY",1,2010,2010,2010
"LIGNIN",1,2021,2021,2021
"LIGNOCELLULOSE",1,2019,2019,2019
"LIGNOCELLULOSE FEEDSTOCKS",1,2021,2021,2021
"LIGNOCELLULOSE MATERIALS",1,2021,2021,2021
"LIGNOCELLULOSIC BIOMASS",1,2019,2019,2019
"LIPID ACCUMULATIONS",1,2024,2024,2024
"LIPID ANALYSIS",1,2019,2019,2019
"LIPID COMPOSITION",1,2022,2022,2022
"LIPID CONTENT",1,2009,2009,2009
"LIPID PRODUCTION",1,2025,2025,2025
"LIPID STORAGE",1,2020,2020,2020
"LIPOGENESIS",1,2022,2022,2022
"LIQUID",1,2020,2020,2020
"LIQUID WASTE",1,2023,2023,2023
"LITERATURE REVIEWS",1,2024,2024,2024
"LOCAL PARTICIPATION",1,2012,2012,2012
"LONG-TERM DEVELOPMENT",1,2011,2011,2011
"LONG-TERM SUSTAINABILITY",1,2012,2012,2012
"LOW-COST FEEDSTOCK",1,2025,2025,2025
"LOW CARBON",1,2021,2021,2021
"MACHINE-LEARNING",1,2024,2024,2024
"MACROALGAL BIOREFINERY",1,2023,2023,2023
"MANURES",1,2023,2023,2023
"MARGINAL LANDS",1,2024,2024,2024
"MARINE ENVIRONMENT",1,2021,2021,2021
"MARKET FLUCTUATIONS",1,2018,2018,2018
"MARKETING",1,2018,2018,2018
"MASS CULTURES",1,2015,2015,2015
"MASS SCALE PRODUCTIONS",1,2019,2019,2019
"MAXIMUM PRODUCTIVITY",1,2010,2010,2010
"MAXIMUM VALUES",1,2010,2010,2010
"MEDIUM TERM",1,2018,2018,2018
"MERS",1,2025,2025,2025
"METABOLIC VERSATILITY",1,2020,2020,2020
"METABOLITES",1,2024,2024,2024
"METAL RECOVERY",1,2009,2009,2009
"METHYL-ESTERS",1,2014,2014,2014
"MG MAGNESIUM",1,2022,2022,2022
"MICROALGA-BASED BIOREFINERY MICROALGA-BASED BIOREFINERY",1,2022,2022,2022
"MICROALGA BIOENERGY",1,2024,2024,2024
"MICROALGAE-BASED BIOREFINERY",1,2023,2023,2023
"MICROALGAE HARVESTING",1,2020,2020,2020
"MICROALGAL BIOREFINERY",1,2023,2023,2023
"MICROALGAL GROWTH",1,2010,2010,2010
"MICROBIAL ACTIVITY",1,2015,2015,2015
"MICROBIAL COMMUNITY",1,2015,2015,2015
"MICROBIAL OIL",1,2014,2014,2014
"MICROLGAE",1,2013,2013,2013
"MICROORGANISM",1,2018,2018,2018
"MIXED-INTEGER NONLINEAR PROGRAMMING",1,2015,2015,2015
"MIXED INTEGER NONLINEAR PROGRAMMING MODELS",1,2015,2015,2015
"MIXED METHOD",1,2024,2024,2024
"MIXED SPECIES",1,2016,2016,2016
"MOLECULAR BIOLOGY",1,2011,2011,2011
"MOLECULAR BIOLOGY TOOLS",1,2011,2011,2011
"MOLECULAR ENGINEERING",1,2023,2023,2023
"MOLECULAR FARMING",1,2016,2016,2016
"MOLECULAR HYDROGEN",1,2012,2012,2012
"MOLECULAR PHYSICS",1,2012,2012,2012
"MULTI-DISCIPLINARY APPROACH",1,2011,2011,2011
"MULTI-OBJECTIVE OPTIMIZATION ON THE BASE OF RATIO ANALYZE",1,2025,2025,2025
"MULTI-OBJECTIVES OPTIMIZATION",1,2025,2025,2025
"MUTAGENESIS",1,2023,2023,2023
"MUTUALISTIC INTERACTION",1,2022,2022,2022
"N NITROGEN",1,2022,2022,2022
"NANOPARTICLE",1,2023,2023,2023
"NATURAL ATTENUATION",1,2025,2025,2025
"NATURAL ENERGY",1,2023,2023,2023
"NATURAL ENVIRONMENTS",1,2024,2024,2024
"NATURAL RESOURCES",1,2021,2021,2021
"NEOCHLORIS OLEOABUNDANS",1,2023,2023,2023
"NET-ZERO",1,2022,2022,2022
"NET ENERGY RATIOS",1,2022,2022,2022
"NET ZERO",1,2024,2024,2024
"NEUTRALISATION",1,2022,2022,2022
"NEW DIMENSIONS",1,2012,2012,2012
"NI NOT IDENTIFIED",1,2022,2022,2022
"NITROGEN AND PHOSPHORUS",1,2018,2018,2018
"NITROGEN CONCENTRATION",1,2019,2019,2019
"NITROGEN FIXATION",1,2018,2018,2018
"NITROGEN OXIDE",1,2019,2019,2019
"NITROGEN REMOVAL",1,2022,2022,2022
"NON-AGRICULTURAL LANDS",1,2013,2013,2013
"NON-CONVENTIONAL ENERGY SOURCES",1,2016,2016,2016
"NON-FOOD CROPS",1,2011,2011,2011
"NONLINEAR PROGRAMMING",1,2015,2015,2015
"NOVEL STRATEGIES",1,2011,2011,2011
"NPV NET PRESENT VALUE",1,2022,2022,2022
"NUCLEAR TRANSFORMATIONS",1,2011,2011,2011
"NUCLEOPOLYHEDROVIRUS",1,2018,2018,2018
"NUMBER OF SPECIES",1,2011,2011,2011
"NUMERICAL MODEL",1,2015,2015,2015
"NUTRACEUTICAL PRODUCTS",1,2010,2010,2010
"NUTRACEUTICALS",1,2020,2020,2020
"NUTRIENT CYCLING",1,2013,2013,2013
"NUTRIENT MANAGEMENT",1,2016,2016,2016
"NUTRIENT RECOVERY",1,2023,2023,2023
"NUTRIENT SEQUESTRATION",1,2022,2022,2022
"OF-THE-ART",1,2020,2020,2020
"OIL-RICH MICROALGAE",1,2010,2010,2010
"OIL AND NATURAL GAS",1,2016,2016,2016
"OIL CONTENTS",1,2011,2011,2011
"OIL CROPS",1,2011,2011,2011
"OIL INDUSTRY",1,2016,2016,2016
"OIL PRODUCTIVITIES",1,2012,2012,2012
"OIL RESERVES",1,2022,2022,2022
"OIL SANDS",1,2015,2015,2015
"OLEAGINOUS MICROORGANISMS",1,2022,2022,2022
"ONE STEP",1,2011,2011,2011
"OPERATIONAL COSTS",1,2010,2010,2010
"OPTIMAL COMBINATION",1,2010,2010,2010
"OPTIMIZATION FRAMEWORK",1,2015,2015,2015
"OPTIMIZATION MODELING",1,2015,2015,2015
"OPTIMIZED PARAMETER",1,2023,2023,2023
"ORGANIC-CARBON",1,2023,2023,2023
"ORGANIC CARBON",1,2022,2022,2022
"ORGANIC COMPOUND",1,2019,2019,2019
"ORGANIC COMPOUNDS",1,2009,2009,2009
"ORGANIC MATTER",1,2009,2009,2009
"ORGANIC RESIDUES",1,2021,2021,2021
"ORGANIC SOLVENTS",1,2024,2024,2024
"OUTCOME ASSESSMENT",1,2025,2025,2025
"OVER ACCUMULATIONS",1,2021,2021,2021
"OXIDATIVE PHOSPHORYLATION",1,2022,2022,2022
"P PHOSPHORUS",1,2022,2022,2022
"PAKISTAN",1,2018,2018,2018
"PARADIGM SHIFTS",1,2022,2022,2022
"PARAFFINS",1,2011,2011,2011
"PARAMETERIZATION",1,2018,2018,2018
"PEAK OIL",1,2009,2009,2009
"PERFORMANCE ASSESSMENT",1,2018,2018,2018
"PERFORMANCE OF SYSTEMS",1,2013,2013,2013
"PETROLEUM",1,2024,2024,2024
"PETROLEUM COSTS",1,2009,2009,2009
"PETROLEUM INDUSTRY",1,2020,2020,2020
"PETROLEUM PROSPECTING",1,2020,2020,2020
"PETROLEUM RESEARCH",1,2009,2009,2009
"PHARMACEUTICS",1,2024,2024,2024
"PHOSPHATE DEPOSITS",1,2025,2025,2025
"PHOSPHATE ORE TREATMENT",1,2022,2022,2022
"PHOTO-BIOREACTORS",1,2022,2022,2022
"PHOTOAUTOTROPH",1,2022,2022,2022
"PHOTOREACTIVITY",1,2022,2022,2022
"PHOTOSYNTHETIC MICROORGANISMS",1,2025,2025,2025
"PHOTOSYNTHETIC PRODUCTION",1,2024,2024,2024
"PHYSIOLOGICAL CHARACTERISTICS",1,2010,2010,2010
"PHYSIOLOGY",1,2011,2011,2011
"PLANNING",1,2021,2021,2021
"PLANT",1,2022,2022,2022
"PLANT GROWTH",1,2011,2011,2011
"PLANT METABOLISM",1,2011,2011,2011
"PLANT OILS",1,2024,2024,2024
"PLANT WATER USE",1,2018,2018,2018
"PLANTS",1,2022,2022,2022
"PLATINUM ORE TREATMENT",1,2022,2022,2022
"POLICY BARRIERS",1,2018,2018,2018
"POLICY INTERVENTION",1,2023,2023,2023
"POLLUTANTS REMOVAL",1,2016,2016,2016
"POLLUTED WATER",1,2024,2024,2024
"POLLUTION POLICY",1,2013,2013,2013
"POLYPHENOL",1,2024,2024,2024
"POLYPHENOLS",1,2024,2024,2024
"POME PALM OIL MILL EFFLUENT",1,2022,2022,2022
"PONDS",1,2024,2024,2024
"POPULATION DENSITY",1,2018,2018,2018
"POPULATION DYNAMICS",1,2021,2021,2021
"POPULATION STATISTICS",1,2024,2024,2024
"POST TREATMENT",1,2025,2025,2025
"POTASH DEPOSITS",1,2025,2025,2025
"POTASSIUM HYDROXIDE",1,2025,2025,2025
"POTENTIAL CHALLENGE",1,2023,2023,2023
"POWER- GENERATIONS",1,2016,2016,2016
"PRACTICAL PROBLEMS",1,2012,2012,2012
"PRE-TREATMENTS",1,2024,2024,2024
"PREDICTION",1,2024,2024,2024
"PREFERENCE RANKING",1,2025,2025,2025
"PREFERENCE RANKING ORGANIZATION METHOD FOR ENRICHMENT EVALUATION II",1,2025,2025,2025
"PRELIMINARY HAZARD ANALYSIS",1,2016,2016,2016
"PRETREATMENT",1,2009,2009,2009
"PRIMARY ENERGY SOURCE",1,2016,2016,2016
"PRIMARY METABOLITE",1,2022,2022,2022
"PROCESS-BASED",1,2021,2021,2021
"PROCESS CONTROL",1,2023,2023,2023
"PROCESS DEVELOPMENT",1,2023,2023,2023
"PROCESS ENGINEERING",1,2012,2012,2012
"PROCESS INTENSIFICATION STRATEGY",1,2020,2020,2020
"PROCESS MODIFICATIONS",1,2019,2019,2019
"PROCESSES INTEGRATIONS",1,2018,2018,2018
"PROCESSING PROCEDURES",1,2016,2016,2016
"PROCESSING TECHNIQUE",1,2021,2021,2021
"PRODUCED WATER PRODUCED WATER",1,2022,2022,2022
"PRODUCTION ENGINEERING",1,2013,2013,2013
"PRODUCTION LOCATIONS",1,2013,2013,2013
"PROFITABILITY",1,2018,2018,2018
"PROSPECTIVE STUDIES",1,2020,2020,2020
"PROSPECTIVE STUDY",1,2020,2020,2020
"PROSPECTIVES",1,2023,2023,2023
"PROTEIN HYDROLYSIS",1,2023,2023,2023
"PS EFFLUENT FROM A PRIMARY SEDIMENTATION TANK",1,2022,2022,2022
"PUBLIC POLICY",1,2018,2018,2018
"PUBLISHING",1,2024,2024,2024
"PURIFICATION",1,2023,2023,2023
"PYROLYSIS",1,2019,2019,2019
"QUANTITATIVE ANALYSIS",1,2025,2025,2025
"QUANTITATIVE MICROBIAL RISK ASSESSMENT",1,2024,2024,2024
"RAPID GROWTH",1,2025,2025,2025
"RATIO ANALYSIS",1,2025,2025,2025
"RATIONAL DESIGN",1,2011,2011,2011
"REACTION KINETICS",1,2013,2013,2013
"REACTOR CONFIGURATION",1,2010,2010,2010
"REACTOR DESIGN",1,2015,2015,2015
"REALIZATION PROCESS",1,2023,2023,2023
"RECENT PROGRESS",1,2011,2011,2011
"RECHARGE",1,2012,2012,2012
"RECOVERY",1,2024,2024,2024
"REDUCTION (CHEMISTRY)",1,2022,2022,2022
"REINFORCED PLASTICS",1,2022,2022,2022
"RENEWABLE AND ALTERNATIVE ENERGIES",1,2015,2015,2015
"RENEWABLE FEEDSTOCKS",1,2019,2019,2019
"RENEWABLE SUBSTITUTES",1,2023,2023,2023
"RESEARCH AND DEVELOPMENT MANAGEMENT",1,2021,2021,2021
"RESEARCH GAPS",1,2023,2023,2023
"RESEARCH OPPORTUNITIES",1,2015,2015,2015
"RESEARCH REPORTS",1,2012,2012,2012
"RESEARCH WORK",1,2015,2015,2015
"RESIDUE ANALYSIS",1,2019,2019,2019
"RESOURCE CONSERVATION",1,2010,2010,2010
"RESOURCE DEVELOPMENT",1,2022,2022,2022
"RISK FACTOR",1,2012,2012,2012
"RISK PERCEPTION",1,2016,2016,2016
"RISK REDUCTION",1,2023,2023,2023
"RISKS ASSESSMENTS",1,2024,2024,2024
"RIVER POLLUTION",1,2025,2025,2025
"S SULPHATE",1,2022,2022,2022
"SACCHARIFICATION",1,2024,2024,2024
"SALES",1,2025,2025,2025
"SALMONELLA",1,2025,2025,2025
"SANITATION",1,2024,2024,2024
"SARS",1,2025,2025,2025
"SCALE EFFECT",1,2016,2016,2016
"SCENEDESMUS-OBLIQUUS",1,2019,2019,2019
"SCIENTIFIC BREAKTHROUGH",1,2011,2011,2011
"SCIENTIFIC RESEARCHES",1,2020,2020,2020
"SCREENING",1,2025,2025,2025
"SEA LEVEL",1,2022,2022,2022
"SEAWATER",1,2013,2013,2013
"SECONDARY PRODUCT",1,2020,2020,2020
"SEDIMENTATION",1,2010,2010,2010
"SELECTABLE MARKER GENES",1,2011,2011,2011
"SELECTION STRATEGY",1,2024,2024,2024
"SELF-PURIFICATION",1,2012,2012,2012
"SEMI-CONTINUOUS",1,2015,2015,2015
"SEPTIC SEWAGE",1,2022,2022,2022
"SEQUENTIAL EXTRACTION",1,2021,2021,2021
"SET OFFS",1,2023,2023,2023
"SEWAGE-TREATMENT PLANTS",1,2024,2024,2024
"SEWAGE TREATMENT PLANT",1,2024,2024,2024
"SHALE OIL",1,2015,2015,2015
"SI SILICUM",1,2022,2022,2022
"SILICA",1,2022,2022,2022
"SLURRY",1,2016,2016,2016
"SOCIAL AND ENVIRONMENTAL IMPACT",1,2016,2016,2016
"SOCIAL CONDITIONS",1,2021,2021,2021
"SOCIAL IMPACT ASSESSMENTS",1,2025,2025,2025
"SOCIAL INDICATORS",1,2025,2025,2025
"SOCIAL LIFE CYCLE ASSESSMENT",1,2025,2025,2025
"SOCIAL PERFORMANCE",1,2025,2025,2025
"SOCIAL STATUS",1,2021,2021,2021
"SOCIOECONOMICS",1,2024,2024,2024
"SODIUM COMPOUNDS",1,2009,2009,2009
"SOIL POLLUTION CONTROL",1,2025,2025,2025
"SOLID BASE CATALYST",1,2014,2014,2014
"SOLVENT",1,2024,2024,2024
"SPECIES",1,2011,2011,2011
"ST EFFLUENT FROM A SEPTIC SEWAGE TREATMENT SYSTEM",1,2022,2022,2022
"STABLE EXPRESSION",1,2011,2011,2011
"STAKEHOLDER",1,2011,2011,2011
"STAKEHOLDER ENGAGEMENT",1,2025,2025,2025
"STAKEHOLDER PERCEPTION",1,2011,2011,2011
"STANDARDIZATION",1,2011,2011,2011
"STATE ROLE",1,2012,2012,2012
"STATIONARY SOURCES",1,2017,2017,2017
"STEAM",1,2022,2022,2022
"STRAIN PARAMETERS",1,2023,2023,2023
"STRAIN SELECTION",1,2023,2023,2023
"SUBSTANTIAL REDUCTION",1,2019,2019,2019
"SUBSTRATE",1,2015,2015,2015
"SUBSTRATES",1,2016,2016,2016
"SUGARCANE",1,2018,2018,2018
"SULFATED POLYSACCHARIDES",1,2023,2023,2023
"SULFUR COMPOUNDS",1,2022,2022,2022
"SULPHATES",1,2022,2022,2022
"SUPERCRITICAL-FLUID EXTRACTION",1,2020,2020,2020
"SUPERSTRUCTURE MODELS",1,2015,2015,2015
"SUPERSTRUCTURE OPTIMIZATION",1,2015,2015,2015
"SUPPLY CHAIN DECISION",1,2021,2021,2021
"SUPPLY CHAIN MANAGEMENT",1,2021,2021,2021
"SUPPLY CHAINS",1,2018,2018,2018
"SURFACE ACTIVE AGENTS",1,2022,2022,2022
"SURVEYS",1,2015,2015,2015
"SUSPENDED SOLIDS",1,2016,2016,2016
"SUSTAINABILITY ASSESSMENT",1,2025,2025,2025
"SUSTAINABILITY CRITERIA",1,2021,2021,2021
"SUSTAINABILITY INDEX",1,2021,2021,2021
"SUSTAINABLE APPROACH",1,2023,2023,2023
"SUSTAINABLE AVIATION FUEL",1,2024,2024,2024
"SUSTAINABLE DEVELOPMENT GOALS",1,2024,2024,2024
"SUSTAINABLE ENERGY DEVELOPMENT",1,2019,2019,2019
"SUSTAINABLE FUELS",1,2021,2021,2021
"SUSTAINABLE SOLUTION",1,2020,2020,2020
"SUSTAINABLE TRANSPORT",1,2013,2013,2013
"SYNGAS PRODUCTION",1,2022,2022,2022
"SYNTHETIC DIAMONDS",1,2025,2025,2025
"SYNTHETIC FUELS",1,2024,2024,2024
"SYNTHETIC PIGMENTS",1,2022,2022,2022
"SYSTEM INTEGRATION",1,2010,2010,2010
"SYSTEMATIC EXPLORATION",1,2021,2021,2021
"SYSTEMATIC REVIEW",1,2024,2024,2024
"T TOLUENE",1,2022,2022,2022
"TA TOTAL ALKALINITY",1,2022,2022,2022
"TE EFFLUENT FROM A TREATMENT PLANT",1,2022,2022,2022
"TEA",1,2019,2019,2019
"TEA TECHNO-ECONOMIC ASSESSMENT",1,2022,2022,2022
"TECHNIQUE FOR ORDER OF PREFERENCE BY SIMILARITY TO IDEAL SOLUTION",1,2025,2025,2025
"TECHNO-ECONOMICS",1,2020,2020,2020
"TECHNOLOGICAL ADVANCES",1,2013,2013,2013
"TECHNOLOGICAL BARRIERS",1,2022,2022,2022
"TECHNOLOGICAL CHALLENGES",1,2020,2020,2020
"TECHNOLOGICAL READINESS LEVEL",1,2023,2023,2023
"TECHNOLOGICAL READINESS LEVELS",1,2023,2023,2023
"TECHNOLOGY DEVELOPMENT",1,2023,2023,2023
"TECHNOLOGY OPPORTUNITIES",1,2020,2020,2020
"TECHNOLOGY TRANSFER",1,2018,2018,2018
"TEMPERATURE SENSITIVITY",1,2010,2010,2010
"TEMPORARY-STORAGE",1,2023,2023,2023
"TETRADESMUS OBLIQUUS",1,2023,2023,2023
"THALASSIOSIRA PSEUDONANA",1,2010,2010,2010
"THE NET PRESENT VALUE (NPV)",1,2022,2022,2022
"THEMATIC ANALYSIS",1,2024,2024,2024
"THERMODYNAMICS",1,2013,2013,2013
"THIRD-GENERATION BIOFUEL",1,2023,2023,2023
"THIRD WORLD",1,2022,2022,2022
"THREE GENERATIONS",1,2011,2011,2011
"TIMING CIRCUITS",1,2022,2022,2022
"TN TOTAL NITROGEN",1,2022,2022,2022
"TOC TOTAL ORGANIC CARBON",1,2022,2022,2022
"TOLUENE",1,2022,2022,2022
"TOTAL ALKALINITIES",1,2022,2022,2022
"TOTAL NITROGEN",1,2022,2022,2022
"TOTAL ORGANIC CARBON",1,2022,2022,2022
"TOTAL PHOSPHORUS",1,2022,2022,2022
"TOTAL SUSPENDED SOLIDS",1,2022,2022,2022
"TOUCH",1,2021,2021,2021
"TP TOTAL PHOSPHORUS",1,2022,2022,2022
"TRAFFIC AND TRANSPORT",1,2024,2024,2024
"TRANS-GENES",1,2011,2011,2011
"TRANSESTERIFICATION PROCESS",1,2020,2020,2020
"TRANSFORMATION",1,2011,2011,2011
"TRANSPORT FUEL",1,2011,2011,2011
"TRANSPORTATION SECTOR",1,2015,2015,2015
"TREATMENT MONITORING",1,2021,2021,2021
"TREATMENT PLANTS",1,2022,2022,2022
"TREATMENT SYSTEMS",1,2022,2022,2022
"TREND ANALYSIS",1,2024,2024,2024
"TRIACYLGLCEROLS",1,2009,2009,2009
"TRIACYLGLYCEROL",1,2010,2010,2010
"TRIACYLGLYCEROL ACCUMULATION",1,2019,2019,2019
"TROPICAL CROPS",1,2010,2010,2010
"TSS TOTAL SUSPENDED SOLID",1,2022,2022,2022
"TUBULAR PHOTOBIOREACTORS",1,2016,2016,2016
"TURBINES",1,2025,2025,2025
"TWO-STAGE FERMENTATIONS",1,2020,2020,2020
"UNCERTAINTY ANALYSIS",1,2013,2013,2013
"UNITED NATIONS",1,2024,2024,2024
"UNITED STATES",1,2011,2011,2011
"UNSOLVED PROBLEMS",1,2019,2019,2019
"UPSTREAM PROCESS",1,2022,2022,2022
"UTILIZATION",1,2022,2022,2022
"UTILIZATION MODES",1,2022,2022,2022
"VALORISATION",1,2023,2023,2023
"VALUABLE PRODUCT",1,2023,2023,2023
"VALUE-ADDED PRODUCTION",1,2022,2022,2022
"VARANIDAE",1,2020,2020,2020
"VEGETABLE-OIL",1,2014,2014,2014
"VEGETABLE OIL",1,2024,2024,2024
"VEGETABLE OILS",1,2011,2011,2011
"VINASSES",1,2018,2018,2018
"VITAMIN",1,2023,2023,2023
"VLSE KRITERIJUMSKA OPTIMIZACIJA I KOMOROMISNO RESENJE",1,2025,2025,2025
"W EFFLUENT OF WINERY",1,2022,2022,2022
"WAGES",1,2025,2025,2025
"WASTE",1,2019,2019,2019
"WASTE-TO-RESOURCE",1,2025,2025,2025
"WASTE COMPONENT REMOVAL",1,2016,2016,2016
"WASTE DISPOSAL, FLUID",1,2010,2010,2010
"WASTE MINIMIZATION",1,2020,2020,2020
"WASTE NUTRIENT",1,2017,2017,2017
"WASTE STREAM",1,2015,2015,2015
"WASTE TECHNOLOGY",1,2023,2023,2023
"WASTE WATER RECYCLING",1,2022,2022,2022
"WASTE WATER SYSTEMS",1,2023,2023,2023
"WASTE WATER TREATMENT PLANT",1,2023,2023,2023
"WASTELAND",1,2013,2013,2013
"WASTEWATER DISINFECTION",1,2024,2024,2024
"WASTEWATER TREATMENT PROCESS",1,2013,2013,2013
"WATER ENVIRONMENTS",1,2022,2022,2022
"WATER FOOTPRINT",1,2023,2023,2023
"WATER POLLUTION CONTROL",1,2025,2025,2025
"WATER PURIFICATION",1,2010,2010,2010
"WATER QUALITY",1,2023,2023,2023
"WATER SECURITY",1,2022,2022,2022
"WATER SUPPLY",1,2013,2013,2013
"WOOD",1,2022,2022,2022
"X XYLENE",1,2022,2022,2022
"XANTHOPHYLL",1,2022,2022,2022
"XYLENE",1,2022,2022,2022
"YEAST",1,2022,2022,2022
"ZERO-CARBON",1,2024,2024,2024
"ZERO-WASTE BIOREFINERY",1,2023,2023,2023
"ZERO CARBON SOLUTION",1,2025,2025,2025
"ZERO CARBONS",1,2025,2025,2025
"ZERO EMISSION",1,2023,2023,2023
"ZERO WASTE BIOREFINERY",1,2023,2023,2023
"ZINC CHLORIDE",1,2025,2025,2025
"ZINC SELENIDE",1,2025,2025,2025
